{"cameraMode":{"drawMode":0,"name":"Shaded","section":"Shading Mode"},"sceneLighting":false,"audioPlay":false,"sceneViewState":{"showFog":true,"showMaterialUpdate":false,"showSkybox":true,"showFlares":true,"showImageEffects":true,"showParticleSystems":true},"in2DMode":false,"pivot":{"x":168.63661193847657,"y":123.03628540039063,"z":211.33721923828126},"rotation":{"x":0.041519902646541598,"y":0.8075937032699585,"z":-0.057286277413368228,"w":0.5854960680007935},"size":10.0,"orthographic":false}