{"cameraMode":{"drawMode":0,"name":"Shaded","section":"Shading Mode"},"sceneLighting":false,"audioPlay":false,"sceneViewState":{"showFog":true,"showMaterialUpdate":false,"showSkybox":true,"showFlares":true,"showImageEffects":true,"showParticleSystems":true},"in2DMode":false,"pivot":{"x":-32.485450744628909,"y":1.6037096977233887,"z":27.82730484008789},"rotation":{"x":0.20711180567741395,"y":-0.2907325327396393,"z":-0.06461881846189499,"w":-0.9319091439247131},"size":554.3863525390625,"orthographic":false}