{"cameraMode":{"drawMode":0,"name":"Shaded","section":"Shading Mode"},"sceneLighting":false,"audioPlay":false,"sceneViewState":{"showFog":true,"showMaterialUpdate":false,"showSkybox":false,"showFlares":true,"showImageEffects":true,"showParticleSystems":true},"in2DMode":false,"pivot":{"x":627.0,"y":297.70001220703127,"z":-17.600000381469728},"rotation":{"x":-0.016621196642518045,"y":0.9363076090812683,"z":-0.3479551076889038,"w":-0.044691797345876697},"size":7.071067810058594,"orthographic":false}