{"cameraMode":{"drawMode":0,"name":"Shaded","section":"Shading Mode"},"sceneLighting":false,"audioPlay":false,"sceneViewState":{"showFog":true,"showMaterialUpdate":false,"showSkybox":true,"showFlares":true,"showImageEffects":true,"showParticleSystems":true},"in2DMode":false,"pivot":{"x":44.87851333618164,"y":-25.37500762939453,"z":18.773555755615236},"rotation":{"x":0.2470235377550125,"y":0.6060248017311096,"z":-0.2057701200246811,"w":0.7275950312614441},"size":65.48522186279297,"orthographic":false}