{"cameraMode":{"drawMode":0,"name":"Shaded","section":"Shading Mode"},"sceneLighting":false,"audioPlay":false,"sceneViewState":{"showFog":true,"showMaterialUpdate":false,"showSkybox":true,"showFlares":true,"showImageEffects":true,"showParticleSystems":true},"in2DMode":false,"pivot":{"x":-0.3360458016395569,"y":-9.230934143066407,"z":71.0747299194336},"rotation":{"x":-0.0871996283531189,"y":0.0005902932025492191,"z":-0.00005395631887950003,"w":-0.996215283870697},"size":39.83578109741211,"orthographic":false}