{"cameraMode":{"drawMode":0,"name":"Shaded","section":"Shading Mode"},"sceneLighting":false,"audioPlay":false,"sceneViewState":{"showFog":true,"showMaterialUpdate":false,"showSkybox":false,"showFlares":true,"showImageEffects":true,"showParticleSystems":true},"in2DMode":false,"pivot":{"x":496.525390625,"y":258.5647277832031,"z":7.860519886016846},"rotation":{"x":-0.016806095838546754,"y":-0.014401274733245373,"z":0.0002520311390981078,"w":-0.9997643828392029},"size":9.171113967895508,"orthographic":false}