{"cameraMode":{"drawMode":0,"name":"Shaded","section":"Shading Mode"},"sceneLighting":false,"audioPlay":false,"sceneViewState":{"showFog":true,"showMaterialUpdate":false,"showSkybox":false,"showFlares":true,"showImageEffects":true,"showParticleSystems":true},"in2DMode":false,"pivot":{"x":-5.564849853515625,"y":8.46621322631836,"z":3.2488632202148439},"rotation":{"x":-0.14927789568901063,"y":0.7252441048622131,"z":-0.1662163883447647,"w":-0.6512525677680969},"size":16.841825485229493,"orthographic":false}