{"cameraMode":{"drawMode":0,"name":"Shaded","section":"Shading Mode"},"sceneLighting":false,"audioPlay":false,"sceneViewState":{"showFog":true,"showMaterialUpdate":false,"showSkybox":true,"showFlares":true,"showImageEffects":true,"showParticleSystems":true},"in2DMode":false,"pivot":{"x":-4.289137840270996,"y":2.1931896209716799,"z":-3.333150625228882},"rotation":{"x":0.10287916660308838,"y":0.5280919075012207,"z":-0.06465543806552887,"w":0.8404609560966492},"size":2.4494898319244386,"orthographic":false}