{"cameraMode":{"drawMode":0,"name":"Shaded","section":"Shading Mode"},"sceneLighting":false,"audioPlay":false,"sceneViewState":{"showFog":true,"showMaterialUpdate":false,"showSkybox":true,"showFlares":true,"showImageEffects":true,"showParticleSystems":true},"in2DMode":false,"pivot":{"x":4.136290550231934,"y":3.4817981719970705,"z":-4.659751892089844},"rotation":{"x":-0.016621196642518045,"y":0.9363076090812683,"z":-0.3479551076889038,"w":-0.044691797345876697},"size":20.482481002807618,"orthographic":false}