{"cameraMode":{"drawMode":0,"name":"Shaded","section":"Shading Mode"},"sceneLighting":false,"audioPlay":false,"sceneViewState":{"showFog":true,"showMaterialUpdate":false,"showSkybox":true,"showFlares":true,"showImageEffects":true,"showParticleSystems":true},"in2DMode":false,"pivot":{"x":18.749345779418947,"y":23.260496139526368,"z":-44.45401382446289},"rotation":{"x":0.18426349759101869,"y":-0.38951653242111208,"z":-0.07985246181488037,"w":-0.8988872766494751},"size":7.369159698486328,"orthographic":false}