{"cameraMode":{"drawMode":0,"name":"Shaded","section":"Shading Mode"},"sceneLighting":false,"audioPlay":false,"sceneViewState":{"showFog":true,"showMaterialUpdate":false,"showSkybox":true,"showFlares":true,"showImageEffects":true,"showParticleSystems":true},"in2DMode":false,"pivot":{"x":1.7141404151916505,"y":-90.01861572265625,"z":186.76124572753907},"rotation":{"x":-0.2307107150554657,"y":-0.0067213671281933788,"z":0.0015921738231554628,"w":-0.9730218052864075},"size":108.97000885009766,"orthographic":false}