{"cameraMode":{"drawMode":0,"name":"Shaded","section":"Shading Mode"},"sceneLighting":false,"audioPlay":false,"sceneViewState":{"showFog":true,"showMaterialUpdate":false,"showSkybox":false,"showFlares":true,"showImageEffects":true,"showParticleSystems":true},"in2DMode":false,"pivot":{"x":-0.0027129054069519045,"y":1.1294649839401246,"z":-0.28158140182495119},"rotation":{"x":-0.006534169428050518,"y":0.9911682605743408,"z":-0.12133296579122544,"w":-0.05327561870217323},"size":8.629494667053223,"orthographic":false}