{"cameraMode":{"drawMode":0,"name":"Shaded","section":"Shading Mode"},"sceneLighting":false,"audioPlay":false,"sceneViewState":{"showFog":true,"showMaterialUpdate":false,"showSkybox":true,"showFlares":true,"showImageEffects":true,"showParticleSystems":true},"in2DMode":false,"pivot":{"x":426.9694519042969,"y":293.71514892578127,"z":206.5817108154297},"rotation":{"x":-0.14313432574272157,"y":-0.09575001895427704,"z":0.013942618854343892,"w":-0.9849880337715149},"size":480.2513732910156,"orthographic":false}