{"cameraMode":{"drawMode":0,"name":"Shaded","section":"Shading Mode"},"sceneLighting":false,"audioPlay":false,"sceneViewState":{"showFog":true,"showMaterialUpdate":false,"showSkybox":false,"showFlares":true,"showImageEffects":true,"showParticleSystems":true},"in2DMode":false,"pivot":{"x":-0.39589500427246096,"y":-0.5591626167297363,"z":3.805922508239746},"rotation":{"x":-0.1957397162914276,"y":0.7114079594612122,"z":-0.2179594486951828,"w":-0.6388272643089294},"size":5.946445465087891,"orthographic":false}