{"cameraMode":{"drawMode":0,"name":"Shaded","section":"Shading Mode"},"sceneLighting":false,"audioPlay":false,"sceneViewState":{"showFog":true,"showMaterialUpdate":false,"showSkybox":true,"showFlares":true,"showImageEffects":true,"showParticleSystems":true},"in2DMode":false,"pivot":{"x":-2.1077418327331545,"y":1.9764069318771363,"z":-1.9972803592681885},"rotation":{"x":-0.2467140555381775,"y":-0.013962115161120892,"z":0.003553551621735096,"w":-0.9690073728561401},"size":5.548159599304199,"orthographic":false}