{"cameraMode":{"drawMode":0,"name":"Shaded","section":"Shading Mode"},"sceneLighting":false,"audioPlay":false,"sceneViewState":{"showFog":true,"showMaterialUpdate":false,"showSkybox":true,"showFlares":true,"showImageEffects":true,"showParticleSystems":true},"in2DMode":false,"pivot":{"x":-7.853952884674072,"y":2.7576904296875,"z":-28.055418014526368},"rotation":{"x":-0.022526975721120836,"y":-0.4875105917453766,"z":0.012589573860168457,"w":-0.8727660179138184},"size":-0.9981459975242615,"orthographic":false}