{"cameraMode":{"drawMode":0,"name":"Shaded","section":"Shading Mode"},"sceneLighting":false,"audioPlay":false,"sceneViewState":{"showFog":true,"showMaterialUpdate":false,"showSkybox":true,"showFlares":true,"showImageEffects":true,"showParticleSystems":true},"in2DMode":false,"pivot":{"x":-3.5948526859283449,"y":2.279881477355957,"z":-0.013808012008666993},"rotation":{"x":-0.09465856850147248,"y":-0.01434254553169012,"z":0.001362327137030661,"w":-0.9954289197921753},"size":5.12626314163208,"orthographic":false}