{"cameraMode":{"drawMode":0,"name":"Shaded","section":"Shading Mode"},"sceneLighting":false,"audioPlay":false,"sceneViewState":{"showFog":true,"showMaterialUpdate":false,"showSkybox":true,"showFlares":true,"showImageEffects":true,"showParticleSystems":true},"in2DMode":false,"pivot":{"x":-1.3465439081192017,"y":-42.58473587036133,"z":44.07966613769531},"rotation":{"x":-0.30439993739128115,"y":-0.00658002682030201,"z":0.0021012381184846164,"w":-0.9525452852249146},"size":82.36901092529297,"orthographic":false}